{"presort": false, "criterion": "entropy", "max_features": null, "min_impurity_split": 1e-07, "results": [0.8547333333333333, 0.4528202424881392, 0.4295], "feature_importances": [0.2750542315809897, 0.07503265812508297, 0.2586378612461286, 0.059693610014912454, 0.20634409768069056, 0.12523754135219586, 0.0, 0.0], "class_weight": null}