{"presort": true, "criterion": "entropy", "max_features": null, "min_impurity_split": 1e-07, "results": [0.8559333333333333, 0.4575197889182058, 0.4335], "feature_importances": [0.2750542315809896, 0.07503265812508296, 0.25863786124612853, 0.05969361001491244, 0.2063440976806905, 0.0, 0.12523754135219584], "class_weight": null}