{"std_train_score": [0.014562111733874925], "rank_test_score": [1], "mean_score_time": [0.00054168701171875], "std_test_score": [0.025041978117097675], "split1_train_score": [0.8631578947368421], "split0_test_score": [0.8125], "mean_test_score": [0.8461538461538461], "split2_train_score": [0.8645833333333334], "split0_train_score": [0.8947368421052632], "params": [{}], "std_fit_time": [2.9693298132988937e-05], "std_score_time": [7.0107495682210755e-06], "split2_test_score": [0.8723404255319149], "mean_train_score": [0.8741593567251463], "mean_fit_time": [0.0022870699564615884], "split1_test_score": [0.8541666666666666]}