{"std_train_score": [0.014562111733874925], "rank_test_score": [1], "mean_score_time": [0.0008633136749267578], "std_test_score": [0.025041978117097675], "split1_train_score": [0.8631578947368421], "split0_test_score": [0.8125], "mean_test_score": [0.8461538461538461], "split2_train_score": [0.8645833333333334], "split0_train_score": [0.8947368421052632], "params": [{}], "std_fit_time": [0.0007086430149816389], "std_score_time": [0.00014807617302487472], "split2_test_score": [0.8723404255319149], "mean_train_score": [0.8741593567251463], "mean_fit_time": [0.003104686737060547], "split1_test_score": [0.8541666666666666]}