{"std_train_score": [0.13608276348795434], "rank_test_score": [1], "mean_score_time": [0.0016029675801595051], "std_test_score": [0.136317082484224], "split1_train_score": [0.25], "split0_test_score": [0.0], "mean_test_score": [0.16549295774647887], "split2_train_score": [0.08333333333333333], "split0_train_score": [0.4166666666666667], "params": [{}], "std_fit_time": [0.0003753466901779687], "std_score_time": [0.0002254282092174423], "split2_test_score": [0.3333333333333333], "mean_train_score": [0.25000000000000006], "mean_fit_time": [0.004530032475789388], "split1_test_score": [0.16666666666666666]}