{"std_train_score": [0.049115305832458295], "rank_test_score": [1], "mean_score_time": [0.0005517005920410156], "std_test_score": [1.708575677268819], "split1_train_score": [0.36498875131327635], "split0_test_score": [-0.07381476299718126], "mean_test_score": [-1.1533477498805316], "split2_train_score": [0.26085978376438546], "split0_train_score": [0.3651093064817418], "params": [{}], "std_fit_time": [0.00022870331111132227], "std_score_time": [9.52829543118043e-05], "split2_test_score": [0.19395410787076273], "mean_train_score": [0.3303192805198012], "mean_fit_time": [0.0030743281046549478], "split1_test_score": [-3.5521138058120245]}