{"std_train_score": [0.049115305832458295], "rank_test_score": [1], "mean_score_time": [0.001073598861694336], "std_test_score": [1.708575677268819], "split1_train_score": [0.36498875131327635], "split0_test_score": [-0.07381476299718126], "mean_test_score": [-1.1533477498805316], "split2_train_score": [0.26085978376438546], "split0_train_score": [0.3651093064817418], "params": [{}], "std_fit_time": [0.0006185106819230023], "std_score_time": [0.0002492196907574226], "split2_test_score": [0.19395410787076273], "mean_train_score": [0.3303192805198012], "mean_fit_time": [0.004163424173990886], "split1_test_score": [-3.5521138058120245]}