{"std_train_score": [0.0, 0.0, 0.0, 0.0], "rank_test_score": [1, 1, 3, 4], "mean_score_time": [0.0017302831013997395, 0.0015209515889485676, 0.0014469623565673828, 0.0003533363342285156], "param_classify__max_features": ["auto", "sqrt", "log2", null], "std_test_score": [0.05367332983239811, 0.05367332983239811, 0.024539649314146973, 0.015562498201939948], "split1_train_score": [1.0, 1.0, 1.0, 1.0], "split0_test_score": [0.7916666666666666, 0.7916666666666666, 0.7916666666666666, 0.7916666666666666], "mean_test_score": [0.8391608391608392, 0.8391608391608392, 0.8181818181818182, 0.8111888111888111], "split2_train_score": [1.0, 1.0, 1.0, 1.0], "split0_train_score": [1.0, 1.0, 1.0, 1.0], "params": [{"classify__max_features": "auto"}, {"classify__max_features": "sqrt"}, {"classify__max_features": "log2"}, {"classify__max_features": null}], "std_fit_time": [0.012314339519569574, 0.0033514478793039773, 0.0407946159622341, 0.0003085638145004835], "std_score_time": [0.0008280103529827848, 0.00039682929262394126, 0.0008088838157989607, 8.540311915186704e-05], "split2_test_score": [0.9148936170212766, 0.9148936170212766, 0.851063829787234, 0.8297872340425532], "mean_train_score": [1.0, 1.0, 1.0, 1.0], "mean_fit_time": [0.12975573539733887, 0.1032697359720866, 0.05866106351216634, 0.001374959945678711], "split1_test_score": [0.8125, 0.8125, 0.8125, 0.8125]}