{"std_train_score": [0.0, 0.0, 0.0, 0.0], "rank_test_score": [1, 1, 3, 4], "mean_score_time": [0.0007279713948567709, 0.0006167093912760416, 0.000413974126180013, 0.00028594334920247394], "param_classify__max_features": ["auto", "sqrt", "log2", null], "std_test_score": [0.03306405555086102, 0.03306405555086102, 0.018993157678894642, 0.04584794036442185], "split1_train_score": [1.0, 1.0, 1.0, 1.0], "split0_test_score": [0.8541666666666666, 0.8541666666666666, 0.8541666666666666, 0.7708333333333334], "mean_test_score": [0.8531468531468531, 0.8531468531468531, 0.8391608391608392, 0.8111888111888111], "split2_train_score": [1.0, 1.0, 1.0, 1.0], "split0_train_score": [1.0, 1.0, 1.0, 1.0], "params": [{"classify__max_features": "auto"}, {"classify__max_features": "sqrt"}, {"classify__max_features": "log2"}, {"classify__max_features": null}], "std_fit_time": [0.00035421657143433716, 0.00046293828270827035, 0.000446009009938545, 0.00018471027957176262], "std_score_time": [0.00016941306134200178, 0.00016916828204060537, 0.00010243388806334961, 1.2247590229846987e-05], "split2_test_score": [0.8936170212765957, 0.8936170212765957, 0.851063829787234, 0.7872340425531915], "mean_train_score": [1.0, 1.0, 1.0, 1.0], "mean_fit_time": [0.002512693405151367, 0.0022919178009033203, 0.001605987548828125, 0.001305977503458659], "split1_test_score": [0.8125, 0.8125, 0.8125, 0.875]}