{"std_train_score": [0.0, 0.0, 0.0, 0.0], "rank_test_score": [2, 2, 4, 1], "mean_score_time": [0.0012315909067789714, 0.0014404455820719402, 0.0010640621185302734, 0.0006008942921956381], "param_classify__max_features": ["auto", "sqrt", "log2", null], "std_test_score": [0.20796850288059085, 0.20796850288059085, 0.07842799940041369, 0.07842799940041369], "split1_train_score": [1.0, 1.0, 1.0, 1.0], "split0_test_score": [0.0, 0.0, 0.0, 0.3333333333333333], "mean_test_score": [0.22065727699530516, 0.22065727699530516, 0.05516431924882629, 0.27816901408450706], "split2_train_score": [1.0, 1.0, 1.0, 1.0], "split0_train_score": [1.0, 1.0, 1.0, 1.0], "params": [{"classify__max_features": "auto"}, {"classify__max_features": "sqrt"}, {"classify__max_features": "log2"}, {"classify__max_features": null}], "std_fit_time": [0.00041243392880231075, 0.00017054805328849704, 0.0010045881814103588, 0.0005457017901388841], "std_score_time": [0.00021128149346287358, 0.0001514552134136903, 0.00034756048463773366, 4.931455843041201e-05], "split2_test_score": [0.5, 0.5, 0.0, 0.3333333333333333], "mean_train_score": [1.0, 1.0, 1.0, 1.0], "mean_fit_time": [0.0025841395060221353, 0.002761284510294596, 0.0023856163024902344, 0.0015350182851155598], "split1_test_score": [0.16666666666666666, 0.16666666666666666, 0.16666666666666666, 0.16666666666666666]}